	CFRZG	VLNHU	WRNQP	QRXCG	UGYRV
SIQZCRH	0.3063599943893148	0.3929444266871328	0.5970867942061695	0.0	0.0
NKJPYEX	0.0	0.0	0.4225965356516841	0.5759314764227487	0.42586068148575607
IKLIYFV	0.6814081934835216	0.4667414178856659	0.49987415569840865	0.0	0.0
HYQYDWG	0.3608520108486992	0.33341280469452983	0.0	0.0	0.654303265022581
SRZBDFD	0.0	0.0	0.5172209874428711	0.3545862485084118	0.7130016499396263
