	SCAOHZUQ	MYVHVWNH	UZZXRUEX	ZCPBAKFS	HGVZYJUR
AVGOD	0.704764170542904	0.8545626435923077	0.1508459463394155	0.3390131095047191	0.8393104769987523
NICTB	0.7823051080055642	0.016949943726113248	0.8417493565629576	0.9772634850468293	0.22710537590100888
TKGZR	0.5074658274314201	0.005959637038358889	0.16225259064592357	0.5062603721662795	0.37939073428043524
NEDNI	0.6554955976904301	0.4351007945195202	0.8864298008625981	0.7836723326450006	0.6031205375688687
QFYTM	0.5195105806295068	0.9700688961594526	0.4204821212895452	0.36085506081590857	0.34365932662592724
