	CSDZKRPO	FJYMFZEI	QFYGEKLQ	AYTBCPJE	WRDYYOJA
VNDXE	0.8730009598455056	0.5756575265908965	0.06067646347775557	0.1776943427071126	0.5025382902213913
IOXFT	0.5990189065028146	0.4740407188361857	0.08074653183624014	0.772109372173573	0.4277488497505757
AMOWE	0.4051309242450959	0.21497208451272243	0.380497003614627	0.36286518879824425	0.856615341885178
KKCYS	0.9204169560046063	0.2045641881859277	0.4165068996282538	0.805883108802521	0.05971914748845408
KPQDH	0.5943266695627373	0.3014708408283775	0.5806996305841734	0.3197928523746313	0.7609201698036746
