	UDMODRU	YVVHGKB	GYSOGJI	UOZFRBX	ANFVHSV
VMEKT	622.6283716317888	True	True	2852.8417267107525	True
LSAHJ	516.0666106502067	True	False	25568.436485495262	False
KOXMO	109.04806779387299	False	True	-702.2381044049553	False
PYBPU	37.96753557874277	False	False	-13742.594995540514	False
WGBQC	478.25783689595613	True	True	5421.263621733831	True
