	NCNJSAE	LADSURJ	PDXHJXA	BJNZXWH	FTWTPGG
VMEKT	-1.0412839781106933	63.517626531828995	-166.47072117763904	LYW	1
LSAHJ	-8.673545541714914	19.274753551106294	-42.80266428272972	ZWZ	1
KOXMO	10.914871578030725	67.3070119318805	99.98712481662085	HGS	4
PYBPU	4.212816609263637	88.26410252826005	-60.497019295257495	XMX	0
WGBQC	13.52364383956018	20.7488319431826	39.13904654219331	MZG	1
