	ZUGLULI	FESGYQM	OECYNCZ	NSRNSUW	JWVZUOU
VMEKT	7090.640497188288	6111.716006504156	False	0	DMCPPF
LSAHJ	3867.733182637717	3147.7285056636283	True	2	KFPRRP
NA	2281.5403087335562	8672.841331884923	False	1	OVGZBT
PYBPU	8784.398093348984	4224.920406772423	True	0	NDMNHV
WGBQC	9185.983160343678	7969.171422983023	True	4	KGWGSO
