	ZEDGOQN	GGYNGXT	ABBMGPH	FXIEPRS	JLAXJRR
VMEKT	6202.39517074853	-299.41551225597726	MXPFYOL	0.8008721568513333	JWLLWMB
LSAHJ	7742.385528330117	1246.2949253343334	ZUYCHMH	9.836857420940458	NFMPPJQ
NA	1702.9018484117387	-443.51909899598166	TOULFUF	5.401718130547366	SWNUFYG
PYBPU	6279.584531385489	1358.4452747467635	NBQKOWU	5.91150190765425	QEWFGGB
WGBQC	6651.339893910735	-1054.5239827796024	FLIQUOQ	9.794321779184598	AXTBYWC
