	KMKEVWI	IFFYOQH	MYFNMEF	ZWFCGUD	KSRAWLY
VMEKT	1	44692.3793416478	YAHIMMI	-1620.174747116713	2.7333729559111397
KOXMO	2	55827.34525876739	XYHXRHK	-12895.037266131461	-16.73071905426631
KOXMO	1	39088.07342721095	AMSKRSD	11882.251123328204	11.557215177467146
PYBPU	4	4686.742143870115	RQILPTH	-8724.778288410993	-18.64281667988609
WGBQC	3	57924.44841972725	CCIKTLV	2816.3334994499405	-19.171659272878358
