	VEUZRZG	GEJQJAY	NOXXCVK	JNZHPDG	RSYGYYC
VMEKT	711.5669742517882	True	43.428357183329624	True	False
LSAHJ	3530.5900452900496	False	90.00451054417616	False	False
KOXMO	7569.096833739592	False	14.162039274321426	False	True
PYBPU	4912.029205807261	True	49.79299443063764	True	False
WGBQC	8099.468530574751	False	91.22456083552271	False	False
