	APESAKV	ZFTHCLK	ZMEARMH	MDPANDT	YLRQHIF
VMEKT	2	False	4045.0817484658996	-1076.8864546398374	True
LSAHJ	0	False	207.6984345057109	-1262.4062814249355	True
KOXMO	1	True	5655.385980492377	1114.4300318344497	True
PYBPU	0	False	2292.867214548208	-148.76989971059334	False
WGBQC	2	False	2602.200194227412	572.090250754473	False
