	CNGYFOF	NCKZVSJ	VYMIVFM	DXHZZBD	IRZOBDQ
VMEKT	228.36475112180023	3	-3767.3287893123447	True	-3617.0993269220226
LSAHJ	398.0314923138937	2	-9612.826352627808	True	-19312.444629989903
KOXMO	62.21132994161205	1	-4824.454352215861	False	13557.812629320137
PYBPU	424.3454957763583	3	3456.1108533384468	False	1769.520357734929
WGBQC	864.1926845720517	3	-2187.852179150509	True	-4694.785335455635
