	GWJNGNC	IZENEXN	TMOCGSX	BVXMRST	IMRGABV
CSDZKRPO	NMIIMGELD	2302.7849221633624	False	1.8727838880271808	7.964584945687089
FJYMFZEI	ITGJQLJUH	4843.4619235611835	True	7.230624011086526	2.2721622844374236
QFYGEKLQ	HHINGJRMT	7378.892586744748	True	2.27324237172698	2.8840771381118735
AYTBCPJE	BAZUCDHEM	9810.416906660303	True	9.573233048520727	8.674556976780734
WRDYYOJA	KWDJJPKCJ	4412.341133918337	False	1.4368533417159213	6.53923236470758
